Blobs,DensityPeaksClustering,KMeans,DBSCAN,SpectralClustering,GaussianMixture
ARI,1.0,1.0,1.0,1.0,1.0
NMI,1.0,1.0,1.0,1.0,1.0
Silhouette,0.8467003894636074,0.8467003894636074,0.8467003894636074,0.8467003894636074,0.8467003894636074
DBI,0.22002745320431014,0.22002745320431014,0.22002745320431014,0.22002745320431014,0.22002745320431014
