Iris,DensityPeaksClustering,KMeans,DBSCAN,SpectralClustering,GaussianMixture
ARI,0.8175510204081633,0.6201351808870379,0.563152339627067,0.6464871114465449,0.5164585360868599
NMI,0.8027311504737437,0.659486892724918,0.7313989880464249,0.6837634340224015,0.657093812636084
Silhouette,0.3693908440605581,0.45994823920518635,0.5867628430648677,0.4593010216876192,0.4751434694267145
DBI,1.1362573000458216,0.8335949464754338,0.5799590836147009,0.8223619792445142,0.8867145279087015
