Wine,DensityPeaksClustering,KMeans,DBSCAN,SpectralClustering,GaussianMixture
ARI,0.7712724399312236,0.8974949815093207,0.6481121731328247,0.9471317617859916,0.21336366823888203
NMI,0.7728636472013493,0.8758935341223069,0.7013843907496542,0.9276465009452134,0.2379820808933576
Silhouette,0.27510288298187396,0.2848589191898987,0.1923427264408699,0.28508806217796906,0.08795990141427526
DBI,1.3913972211378383,1.3891879777181646,1.2154766574804339,1.387840323349006,2.874596976397065
